{"cameraMode":{"drawMode":0,"name":"Shaded","section":"Shading Mode"},"sceneLighting":true,"audioPlay":false,"sceneViewState":{"showFog":true,"showMaterialUpdate":false,"showSkybox":true,"showFlares":true,"showImageEffects":true,"showParticleSystems":true},"in2DMode":false,"pivot":{"x":68.64960479736328,"y":78.1280288696289,"z":-235.02401733398438},"rotation":{"x":0.1992911696434021,"y":-0.022930745035409929,"z":-0.0046646567061543468,"w":-0.9796609282493591},"size":37.10222244262695,"orthographic":false}