{"cameraMode":{"drawMode":0,"name":"Shaded","section":"Shading Mode"},"sceneLighting":true,"audioPlay":false,"sceneViewState":{"showFog":true,"showMaterialUpdate":false,"showSkybox":true,"showFlares":true,"showImageEffects":true,"showParticleSystems":true},"in2DMode":false,"pivot":{"x":-7.899993896484375,"y":370.54998779296877,"z":31.5},"rotation":{"x":-0.11840160191059113,"y":-0.162480890750885,"z":0.019643105566501619,"w":-0.9793851375579834},"size":324.1982727050781,"orthographic":false}