{"cameraMode":{"drawMode":0,"name":"Shaded","section":"Shading Mode"},"sceneLighting":false,"audioPlay":false,"sceneViewState":{"showFog":true,"showMaterialUpdate":false,"showSkybox":true,"showFlares":true,"showImageEffects":true,"showParticleSystems":true},"in2DMode":false,"pivot":{"x":-0.22487974166870118,"y":1.6584805250167847,"z":3.0},"rotation":{"x":0.276743620634079,"y":-0.08590656518936157,"z":0.02395155467092991,"w":0.956796407699585},"size":9.861342430114746,"orthographic":false}